{
    "currentVer": "1.0.022",
    "cacheTable": {
        "http://yp.yueus.com/mobile/app": "index.html",
        "http://yp.yueus.com/mobile/appbeta": "index-beta.html",
        "http://yp.yueus.com/mobile/package/resource/0.0.1/sea-package.js": "sea-package.js",
        "http://yp.yueus.com/mobile/package/resource/0.0.1/utility-package.js": "utility-package.js",
        "http://yp.yueus.com/mobile/package/resource/0.0.1/utility-package-debug.js": "utility-package-debug.js",
        "http://yp.yueus.com/mobile/dist/0.0.1/app.js": "app.js",
        "http://yp.yueus.com/mobile/dist/0.0.1/app-debug.js": "app-debug.js",        
	"http://yp.yueus.com/mobile/css/pai/paiappstyle.css": "paiappstyle.css",		
        "http://yp.yueus.com/mobile/images/pai/icons-sa14f94e6a3.png": "icons-sa14f94e6a3.png",
	"http://yp.yueus.com/mobile/images/pai/front.jpg": "front.jpg",
	"http://yp.yueus.com/mobile/images/guide_pic/camera/guide_camera_1.png": "guide_camera_1.png",
	"http://yp.yueus.com/mobile/images/guide_pic/camera/guide_camera_2.png": "guide_camera_2.png",
	"http://yp.yueus.com/mobile/images/guide_pic/camera/guide_camera_3.png": "guide_camera_3.png",
	"http://yp.yueus.com/mobile/images/guide_pic/model/guide_model_1.png": "guide_model_1.png",
	"http://yp.yueus.com/mobile/images/guide_pic/model/guide_model_2.png": "guide_model_2.png",
	"http://yp.yueus.com/mobile/images/guide_pic/model/guide_model_3.png": "guide_model_3.png",
	"http://yp.yueus.com/mobile/images/pai/avatar-error-min.png" : "avatar-error-min.png",
	"http://yp.yueus.com/mobile/images/640x940.jpg":"640x940.jpg",
	"http://yp.yueus.com/mobile/images/pai/add.png":"add.png",
	"http://yp.yueus.com/mobile/images/pop-modelcar-tips.png":"pop-modelcar-tips.png",
	"http://yp.yueus.com/mobile/crossd_iframe.html":"crossd_iframe.html",	
	


	"http://yp-wifi.yueus.com/mobile/app": "index.html",
        "http://yp-wifi.yueus.com/mobile/appbeta": "index-beta.html",
        "http://yp-wifi.yueus.com/mobile/package/resource/0.0.1/sea-package.js": "sea-package.js",
        "http://yp-wifi.yueus.com/mobile/package/resource/0.0.1/utility-package.js": "utility-package.js",
        "http://yp-wifi.yueus.com/mobile/package/resource/0.0.1/utility-package-debug.js": "utility-package-debug.js",
        "http://yp-wifi.yueus.com/mobile/dist/0.0.1/app.js": "app.js",
        "http://yp-wifi.yueus.com/mobile/dist/0.0.1/app-debug.js": "app-debug.js",        
	"http://yp-wifi.yueus.com/mobile/css/pai/paiappstyle.css": "paiappstyle.css",		
        "http://yp-wifi.yueus.com/mobile/images/pai/icons-sa14f94e6a3.png": "icons-sa14f94e6a3.png",
	"http://yp-wifi.yueus.com/mobile/images/pai/front.jpg": "front.jpg",
	"http://yp-wifi.yueus.com/mobile/images/guide_pic/camera/guide_camera_1.png": "guide_camera_1.png",
	"http://yp-wifi.yueus.com/mobile/images/guide_pic/camera/guide_camera_2.png": "guide_camera_2.png",
	"http://yp-wifi.yueus.com/mobile/images/guide_pic/camera/guide_camera_3.png": "guide_camera_3.png",
	"http://yp-wifi.yueus.com/mobile/images/guide_pic/model/guide_model_1.png": "guide_model_1.png",
	"http://yp-wifi.yueus.com/mobile/images/guide_pic/model/guide_model_2.png": "guide_model_2.png",
	"http://yp-wifi.yueus.com/mobile/images/guide_pic/model/guide_model_3.png": "guide_model_3.png",
	"http://yp-wifi.yueus.com/mobile/images/pai/avatar-error-min.png" : "avatar-error-min.png",
	"http://yp-wifi.yueus.com/mobile/images/640x940.jpg":"640x940.jpg",
	"http://yp-wifi.yueus.com/mobile/images/pai/add.png":"add.png",
	"http://yp-wifi.yueus.com/mobile/images/pop-modelcar-tips.png":"pop-modelcar-tips.png",
	"http://yp-wifi.yueus.com/mobile/crossd_iframe.html":"crossd_iframe.html"		
    }
}