{
    "currentVer": "1.0.525",
    "cacheTable": {
        "http://yp.yueus.com/mobile/app": "index.html",
        "http://yp.yueus.com/mobile/package/resource/1.0.5/sea-package.js": "sea-package.js",
        "http://yp.yueus.com/mobile/package/resource/1.0.5/utility-package.js": "utility-package.js",
        "http://yp.yueus.com/mobile/dist/1.0.5/app.js": "app.js",
        "http://yp.yueus.com/mobile/dist/1.0.5/app-debug.js": "app-debug.js",        
	"http://yp.yueus.com/mobile/css/pai/paiappstyle.css": "paiappstyle.css",		
        "http://yp.yueus.com/mobile/images/pai/icons-s1d9b86081f.png": "icons-s1d9b86081f.png",
	"http://yp.yueus.com/mobile/images/pai/avatar-error-min.png" : "avatar-error-min.png",
	"http://yp.yueus.com/mobile/images/640x940.jpg":"640x940.jpg",
	"http://yp.yueus.com/mobile/images/pai/add.png":"add.png",
	"http://yp.yueus.com/mobile/images/pai/add-active.png":"add-active.png",
	"http://yp.yueus.com/mobile/images/pop-modelcar-tips.png":"pop-modelcar-tips.png",
	"http://yp.yueus.com/mobile/crossd_iframe.html":"crossd_iframe.html",	
	"http://yp.yueus.com/mobile/images/pai/cam-icon.png":"cam-icon.png",
	"http://yp.yueus.com/mobile/images/pai/model-icon.png":"model-icon.png",
	


	"http://yp-wifi.yueus.com/mobile/app": "index.html",
        "http://yp-wifi.yueus.com/mobile/package/resource/1.0.5/sea-package.js": "sea-package.js",
        "http://yp-wifi.yueus.com/mobile/package/resource/1.0.5/utility-package.js": "utility-package.js",
        "http://yp-wifi.yueus.com/mobile/dist/1.0.5/app.js": "app.js",
        "http://yp-wifi.yueus.com/mobile/dist/1.0.5/app-debug.js": "app-debug.js",        
	"http://yp-wifi.yueus.com/mobile/css/pai/paiappstyle.css": "paiappstyle.css",		
        "http://yp-wifi.yueus.com/mobile/images/pai/icons-s1d9b86081f.png": "icons-s1d9b86081f.png",
	"http://yp-wifi.yueus.com/mobile/images/pai/avatar-error-min.png" : "avatar-error-min.png",
	"http://yp-wifi.yueus.com/mobile/images/640x940.jpg":"640x940.jpg",
	"http://yp-wifi.yueus.com/mobile/images/pai/add.png":"add.png",
	"http://yp-wifi.yueus.com/mobile/images/pai/add-active.png":"add-active.png",
	"http://yp-wifi.yueus.com/mobile/images/pop-modelcar-tips.png":"pop-modelcar-tips.png",
	"http://yp-wifi.yueus.com/mobile/images/pai/cam-icon.png":"cam-icon.png",
	"http://yp-wifi.yueus.com/mobile/images/pai/model-icon.png":"model-icon.png",
	"http://yp-wifi.yueus.com/mobile/crossd_iframe.html":"crossd_iframe.html"		
    }
}