{
    "currentVer": "1.0.317",
    "cacheTable": {
        "http://yp.yueus.com/mobile/app": "index.html",
        "http://yp.yueus.com/mobile/package/resource/1.0.3/sea-package.js": "sea-package.js",
        "http://yp.yueus.com/mobile/package/resource/1.0.3/utility-package.js": "utility-package.js",
        "http://yp.yueus.com/mobile/dist/1.0.3/app.js": "app.js",
        "http://yp.yueus.com/mobile/dist/1.0.3/app-debug.js": "app-debug.js",        
	"http://yp.yueus.com/mobile/css/pai/paiappstyle.css": "paiappstyle.css",		
        "http://yp.yueus.com/mobile/images/pai/icons-s166b1dcd3f.png": "icons-s166b1dcd3f.png",
	"http://yp.yueus.com/mobile/images/pai/front.jpg": "front.jpg",
	"http://yp.yueus.com/mobile/images/pai/avatar-error-min.png" : "avatar-error-min.png",
	"http://yp.yueus.com/mobile/images/640x940.jpg":"640x940.jpg",
	"http://yp.yueus.com/mobile/images/pai/add.png":"add.png",
	"http://yp.yueus.com/mobile/images/pop-modelcar-tips.png":"pop-modelcar-tips.png",
	"http://yp.yueus.com/mobile/crossd_iframe.html":"crossd_iframe.html",	
	


	"http://yp-wifi.yueus.com/mobile/app": "index.html",
        "http://yp-wifi.yueus.com/mobile/package/resource/1.0.3/sea-package.js": "sea-package.js",
        "http://yp-wifi.yueus.com/mobile/package/resource/1.0.3/utility-package.js": "utility-package.js",
        "http://yp-wifi.yueus.com/mobile/dist/1.0.3/app.js": "app.js",
        "http://yp-wifi.yueus.com/mobile/dist/1.0.3/app-debug.js": "app-debug.js",        
	"http://yp-wifi.yueus.com/mobile/css/pai/paiappstyle.css": "paiappstyle.css",		
        "http://yp-wifi.yueus.com/mobile/images/pai/icons-s166b1dcd3f.png": "icons-s166b1dcd3f.png",
	"http://yp-wifi.yueus.com/mobile/images/pai/front.jpg": "front.jpg",
	"http://yp-wifi.yueus.com/mobile/images/pai/avatar-error-min.png" : "avatar-error-min.png",
	"http://yp-wifi.yueus.com/mobile/images/640x940.jpg":"640x940.jpg",
	"http://yp-wifi.yueus.com/mobile/images/pai/add.png":"add.png",
	"http://yp-wifi.yueus.com/mobile/images/pop-modelcar-tips.png":"pop-modelcar-tips.png",
	"http://yp-wifi.yueus.com/mobile/crossd_iframe.html":"crossd_iframe.html"		
    }
}